Surveyor,Latitude,Longitude,Tree Height,Tree Trunk Thickness,Tree Leaf Size,Left Sub Leaf Size,Right Sub Leaf Size,Middle Sub Leaf Size
Bob,13.0,77.6,284.5,441.7,145.5,48.1,48.3,47.9
Alice,13.1,80.3,29.16,49.38,23.64,7.82,7.82,7.77
Alice,11.0,77.0,21.55,42.23,39.64,13.19,13.23,13.21
Bob,13.0,77.6,295.8,522.5,177.3,60.7,60.7,61.4
Bob,11.0,76.9,319.3,474.1,393.8,132.5,133.1,133.3
Alice,12.9,77.6,29.11,49.03,13.29,4.54,4.56,4.59
Charlie,-187.4,-197.2,999448.8837599594,209.68606357448812,999932.9899582748,352.7590306147631,548.7004763949003,1000178.669775219
Bob,11.0,77.0,300.7,493.8,393.8,130.6,131.0,130.8
Alice,11.0,76.9,42.19,61.08,32.61,10.83,10.78,10.81
Alice,11.0,76.9,22.88,45.25,38.32,12.81,12.77,12.79
Alice,12.9,77.6,31.63,52.55,16.78,5.68,5.61,5.72
Bob,11.0,77.0,368.2,583.0,394.7,132.3,132.6,131.7
Charlie,-114.9,-311.8,1334.5061333378378,-1149.7414553678927,-782.5941472729966,-706.4755007657966,1000195.1620471418,999426.2968557073
Alice,13.0,77.6,28.18,49.6,19.14,6.49,6.41,6.51
Alice,11.0,77.0,23.44,49.73,39.02,13.13,13.04,13.19
Alice,13.0,77.6,38.89,51.79,10.5,3.49,3.64,3.48
Charlie,-132.2,268.9,120.68570642259533,1000200.7385407584,579.076300875503,1000177.8297997054,-775.5799616177496,999856.0000222983
Bob,12.9,77.6,327.0,504.0,183.6,61.1,61.7,60.7
Bob,11.0,76.9,322.4,527.8,390.6,129.1,130.1,130.0
Charlie,-166.4,308.2,-1591.8760663430926,,1001685.701754035,1001130.5266195373,999359.8534949063,
Bob,13.0,77.5,389.7,569.4,77.9,24.9,24.4,25.3
Bob,12.9,77.6,332.3,535.9,130.9,43.3,44.1,44.1
Bob,12.9,77.6,284.0,460.6,145.2,48.8,48.8,48.6
Bob,13.0,77.6,341.0,535.2,140.5,47.5,48.1,47.2
Bob,13.1,80.3,295.3,504.6,255.5,82.5,83.4,82.3
Bob,13.0,77.6,224.7,416.4,197.2,65.8,65.7,66.3
Charlie,187.6,-290.3,-1806.5096290255822,999303.5389102133,-1271.7300398697084,,635.2455366039567,-1353.6525548815512
Alice,13.1,80.3,29.73,47.28,23.12,7.65,7.64,7.72
Bob,11.0,77.0,280.1,496.5,341.1,113.6,113.8,112.5
Alice,13.0,77.6,32.28,52.77,15.9,5.36,5.39,5.36
Charlie,34.4,-116.0,-812.0582235672435,-54.366572432370276,1002060.4226984447,999890.8069054994,-844.7029987029827,1002359.6142591
Bob,11.0,77.0,254.4,457.1,368.6,122.0,122.3,122.3
Alice,13.1,80.3,35.05,54.65,34.88,11.74,11.69,11.75
Bob,13.0,77.6,281.5,498.6,248.5,84.4,83.7,84.1
Charlie,-184.0,42.4,-2534.1246934488518,-910.8018033874287,999921.4116070856,-505.4472096535272,,
Alice,11.0,76.9,30.34,51.03,36.47,12.1,12.02,12.13
Alice,13.0,77.6,31.63,53.63,12.65,4.32,4.29,4.33
Charlie,-144.8,219.2,,999554.2046861732,-148.22288884312078,-725.9611593506968,,1000032.8633739802
Bob,13.0,77.6,280.0,464.2,199.3,65.0,64.9,65.2
Charlie,-168.1,-233.1,,-1728.39031324171,999737.7664306172,,-278.31025587657626,-991.3343922342502
Bob,12.9,77.6,346.2,574.3,180.1,59.4,60.5,59.6
Bob,11.0,77.0,309.0,465.4,435.0,143.7,143.9,143.6
Bob,11.0,77.0,291.5,504.0,347.5,115.7,115.6,115.5
Bob,13.1,80.2,396.1,595.6,300.6,99.4,99.1,99.2
Bob,11.0,76.9,292.1,480.7,372.6,125.3,125.7,125.4
Charlie,-142.7,19.9,1000542.4239695321,1000662.1687539475,1000345.6203446514,,-1282.124943137735,1060.8000718059477
Charlie,142.6,311.4,-299.54941119919215,,-977.3641174837106,-370.0224658372443,595.1311859137686,
Charlie,-169.7,217.1,,-177.0114079966786,,,,
Alice,11.1,77.0,26.11,47.4,44.66,14.95,14.9,14.91
Bob,12.9,77.6,299.5,527.1,71.6,22.4,22.4,22.0
Bob,13.0,77.6,245.9,439.8,192.1,63.4,63.1,63.4
Alice,12.9,77.6,33.26,53.15,10.78,3.57,3.55,3.62
Bob,13.0,77.6,240.1,459.6,221.0,74.6,72.8,74.9
Alice,11.0,77.0,29.62,47.77,39.99,13.23,13.23,13.22
Charlie,180.8,-39.0,103.07822153084817,1000921.9363780076,1086.4801228903818,-173.85438395948438,-822.3019542097602,
Bob,13.1,80.2,316.5,524.2,238.7,81.2,81.0,81.2
Alice,11.0,77.0,30.87,53.12,31.8,10.6,10.67,10.55
Charlie,-173.9,-43.8,304.96268879041895,1001831.1771355659,-1197.5323112651622,2117.3241443709535,1001222.8079221334,1000194.9677059908
Charlie,-20.2,-232.2,,-940.0902259204964,-3061.4054240229048,999037.8587718096,-1258.7644118723788,
Alice,11.0,77.0,30.43,51.32,43.8,14.57,14.57,14.49
Bob,13.0,77.6,337.1,541.3,94.4,31.9,31.6,31.8
Bob,12.9,77.6,379.5,523.7,185.9,61.7,61.6,61.6
Alice,13.0,77.6,28.22,48.65,13.66,4.53,4.58,4.58
Bob,13.0,77.6,322.5,484.9,141.3,45.8,45.3,46.0
Alice,11.0,77.0,30.59,50.63,44.18,14.8,14.82,14.73
Alice,11.0,76.9,29.31,47.3,39.42,13.26,13.36,13.28
Alice,11.0,77.0,43.0,56.66,37.32,12.27,12.4,12.27
Alice,11.0,77.0,28.42,46.56,35.77,11.85,11.86,11.88
Bob,13.1,80.3,307.2,500.5,300.7,100.6,100.3,100.4
Alice,13.0,77.6,29.86,49.09,17.91,5.91,5.91,5.89
Bob,11.1,77.0,333.0,562.1,360.0,120.3,119.9,120.4
Bob,11.0,77.0,214.9,397.6,472.2,157.4,157.8,157.2
Alice,13.0,77.6,27.29,47.5,13.08,4.38,4.3,4.46
Bob,11.0,76.9,328.6,525.6,315.2,104.3,103.6,105.8
Alice,11.0,77.0,27.01,45.11,40.15,13.31,13.33,13.22
Charlie,-102.7,-283.3,999823.8658022892,-1671.3075913710861,999936.6967772187,1001211.4275036324,610.2350056939963,1001297.2975339255
Bob,13.0,80.3,341.0,514.6,373.6,123.9,124.3,124.6
Alice,13.0,77.6,25.2,45.63,14.64,4.7,4.75,4.69
Alice,13.1,80.2,27.8,46.38,24.7,8.12,8.15,8.03
Bob,12.9,77.6,338.4,511.6,176.5,59.1,58.4,59.3
Charlie,-30.2,-132.6,,998860.9384923837,999853.3682259565,,,-2661.580989177992
Bob,11.0,77.0,277.0,500.2,428.7,142.4,141.8,142.5
Alice,12.9,77.6,28.01,46.11,16.77,5.45,5.38,5.48
Charlie,-126.8,-117.1,-993.4513421954607,-808.5492840426474,189.6426454852358,,1001295.0071499384,1000314.2674218012
Alice,11.0,77.0,17.59,38.18,42.26,14.06,14.08,14.14
Alice,13.1,80.3,35.42,55.27,30.29,9.98,10.0,9.97
Bob,13.0,77.6,411.7,561.9,125.7,42.9,42.8,43.3
Bob,12.9,77.6,202.8,375.2,222.6,75.1,74.8,75.1
Alice,11.0,77.0,40.34,54.46,33.13,11.3,11.26,11.27
Bob,13.0,77.6,302.6,508.5,137.8,45.8,45.9,46.1
Alice,13.1,80.2,28.54,46.58,32.59,10.91,10.84,10.93
Alice,13.0,77.6,33.14,53.05,13.49,4.5,4.46,4.5
Charlie,-179.2,-182.6,,,,999714.4583746928,998294.792392224,-1449.650193842814
Charlie,82.6,-131.8,998754.84942404,604.0974263555673,1000713.8774440901,1000884.4424373817,,-2477.506118629017
Bob,13.1,80.3,362.3,553.4,344.7,112.7,112.7,112.8
Bob,12.9,77.6,297.0,503.9,133.9,44.6,44.4,44.9
Alice,12.9,77.6,20.71,41.21,19.53,6.59,6.73,6.6
Alice,13.0,77.6,21.49,40.41,13.12,4.39,4.4,4.48
Charlie,-137.8,-373.7,-1344.9831619570673,,-1505.7478005641665,-563.0810770523736,-1575.1864496435164,539.9509007551029
Bob,13.0,77.6,242.9,441.0,90.5,30.2,29.6,29.7
Charlie,182.6,158.0,999298.0427017049,,-411.92323438595315,999489.7088404369,-151.39749194140919,-1589.1603879889421
Alice,13.0,77.6,27.33,47.04,13.35,4.47,4.46,4.5
Alice,13.0,77.6,15.89,33.38,18.99,6.36,6.27,6.37
Bob,11.0,76.9,393.3,571.5,357.4,119.0,119.4,118.5
Alice,11.0,77.0,31.83,53.69,37.63,12.45,12.45,12.43
Alice,13.0,77.6,23.36,46.21,12.51,4.36,4.39,4.35
Bob,13.0,77.6,322.5,538.9,155.3,50.7,50.0,50.8
Bob,11.1,76.9,343.2,532.0,404.1,135.5,134.8,135.5
Alice,13.1,80.3,30.86,53.15,27.38,8.97,8.98,9.07
Bob,13.0,77.6,265.7,460.7,158.3,50.0,49.1,50.0
Bob,13.1,80.3,274.1,458.8,256.0,85.4,85.4,85.4
Charlie,104.2,388.4,357.6196330501393,1001361.0067047698,-900.9855505127427,288.1500415402546,998661.2762938645,
Alice,13.0,77.6,20.32,42.64,12.82,4.08,4.25,4.15
Bob,13.0,77.6,242.6,438.1,142.7,46.6,47.2,47.0
Charlie,-139.9,-153.8,-2344.927787065172,-2998.344967144626,1000121.4785793291,998791.517795731,999795.2927664777,
Bob,11.0,77.0,323.8,536.8,372.7,123.8,124.5,124.1
Bob,11.0,77.0,302.0,490.5,420.0,140.0,138.5,140.3
Charlie,-23.2,214.7,,,-424.6432754798743,,,999616.9050788402
Alice,13.1,80.3,33.44,51.28,28.4,9.66,9.59,9.64
Alice,13.1,80.3,24.18,45.13,25.16,8.34,8.29,8.38
Charlie,61.5,-4.1,-374.4086974934402,1000688.4959745615,-1558.1332596574507,-2819.051015302548,999995.7980846089,999402.7210641537
Bob,13.0,77.6,314.5,517.3,192.2,65.8,65.8,64.6
Alice,13.1,80.2,34.29,55.2,33.47,11.35,11.31,11.35
Charlie,143.5,-72.8,,566.8547072137862,999776.3334281966,-1178.5727847701737,659.849612104565,1001111.9533608604
Bob,11.0,76.9,320.5,523.0,358.6,117.4,117.2,117.8
Bob,11.0,76.9,368.3,567.5,348.0,114.6,114.7,114.3
Alice,13.0,77.6,28.35,50.25,14.19,4.79,4.78,4.77
Alice,12.9,77.6,27.58,48.59,15.3,5.18,5.31,5.25
Charlie,-78.2,-30.0,,-2704.6219581771156,222.71179283193078,182.91456362025593,,
Bob,11.0,77.0,315.8,504.0,332.9,110.3,110.0,110.4
Charlie,82.8,303.4,-2564.973893441779,,-944.908722685067,,-1165.974185680461,
Alice,12.9,77.6,27.45,46.39,14.97,4.88,4.87,4.83
Bob,13.1,80.3,252.9,440.7,242.5,82.0,82.0,82.7
Alice,11.0,77.0,33.45,51.03,39.7,13.35,13.4,13.4
Bob,13.0,77.6,329.1,526.4,138.6,46.0,46.3,46.5
Alice,13.1,80.3,30.2,49.96,26.14,8.5,8.51,8.48
Alice,11.0,76.9,27.83,48.53,38.51,12.86,12.83,12.94
Charlie,-118.2,-317.3,,-349.33237120791387,998667.5502190018,-1622.974962003564,999540.258604937,-508.99605404224656
Alice,11.0,77.0,23.55,42.4,44.6,14.79,14.76,14.78
Bob,11.0,76.9,200.1,400.1,425.8,140.9,140.9,140.4
Alice,12.9,77.6,32.41,53.16,19.42,6.41,6.55,6.46
Charlie,-101.9,-342.5,-323.00590262494575,-2911.159325260488,86.7610754626467,1000966.139660861,999721.8801356336,-2618.8225719864404
Bob,11.0,76.9,333.9,538.0,372.7,123.3,123.0,122.7
Bob,12.9,77.6,294.2,475.8,148.0,49.4,49.4,48.9
Alice,11.0,76.9,34.67,51.18,33.3,11.24,11.23,11.27
Bob,13.0,77.6,296.9,508.1,84.8,30.1,30.8,29.8
Alice,11.0,77.0,38.92,54.05,36.44,12.24,12.24,12.26
Bob,11.1,77.0,327.9,499.3,380.3,127.6,127.7,128.1
Bob,13.0,77.6,288.1,460.9,155.7,52.6,52.6,53.2
Charlie,193.3,177.2,,,,-487.16718302914455,999987.6340617576,
Alice,13.0,77.6,44.02,65.3,7.85,2.53,2.51,2.51
Bob,13.1,80.3,399.4,656.4,306.7,102.3,102.9,102.1
Charlie,34.0,-313.1,-2018.8051975907135,-753.11733062058,-879.2097674988897,,,
Alice,11.1,76.9,38.15,59.9,42.38,14.01,13.98,14.0
Alice,13.1,80.2,27.6,48.4,30.93,10.37,10.38,10.38
Bob,13.1,80.2,320.3,522.8,247.9,82.8,82.5,83.4
Bob,11.0,77.0,284.0,482.7,406.2,134.9,135.3,134.3
Alice,13.0,77.6,23.7,43.02,17.26,5.62,5.7,5.61
Bob,13.0,77.6,290.3,515.6,138.8,45.5,45.4,45.1
Charlie,112.1,-123.2,606.9426083866379,-192.9813677606896,,-411.26043048348333,-567.8078421841054,-1552.924016236234
Bob,11.1,77.0,307.8,444.0,397.3,130.8,131.0,130.5
Bob,11.0,77.0,327.4,541.8,371.8,123.6,123.0,123.8
Alice,13.0,77.6,32.28,52.94,11.7,3.97,3.89,4.0
Charlie,69.2,-366.0,1000406.0940188486,999744.8128284857,,-2185.921599186856,1000242.6028130549,1805.668878116265
Alice,13.1,80.2,30.68,48.27,23.16,7.76,7.78,7.71
Alice,12.9,77.6,27.25,47.58,22.7,7.65,7.62,7.62
Alice,13.0,77.6,34.12,54.34,19.44,6.55,6.57,6.58
Charlie,1.6,-82.8,-226.44229379318654,,895.5073459913551,,,262.01657435847574
Bob,13.0,77.6,372.2,562.4,149.1,49.7,49.2,50.4
Charlie,194.7,53.3,557.9054323183568,1194.2144830139919,1001042.190576983,-2848.1101123885364,-1864.430313673538,998981.7460985823
Alice,13.0,77.6,32.1,51.96,12.46,4.2,4.27,4.25
Bob,13.0,77.6,287.7,452.9,116.5,39.1,39.2,39.6
Bob,13.1,80.2,328.9,572.4,290.3,96.8,96.5,97.4
Alice,11.0,76.9,23.96,39.68,41.34,13.63,13.59,13.64
Charlie,-141.7,347.3,999075.0741842807,391.88126224558454,621.8737477850514,,999899.8272312132,-3946.9042192840143
Alice,12.9,77.6,26.78,43.65,17.46,5.76,5.69,5.72
Bob,13.0,77.6,336.4,522.3,169.0,55.8,56.1,56.4
Alice,13.0,77.5,31.14,52.23,18.67,6.21,6.27,6.12
Alice,11.0,76.9,35.54,54.13,45.45,15.11,15.19,15.14
Alice,11.0,77.0,37.66,57.33,37.36,12.37,12.38,12.37
Charlie,21.8,28.7,-2424.7656537214893,139.82135851821087,1000781.1753362876,-793.1346636139368,-35.42014069150952,-280.5717065985525
Bob,13.0,77.6,330.9,551.6,173.7,59.9,59.8,59.4
Charlie,169.7,-287.4,418.5145591570548,-234.56250562498417,,1001188.8062411932,999149.2172513718,-402.833428474804
Bob,11.1,76.9,276.9,458.9,345.1,115.8,115.8,115.6
Alice,13.0,77.6,27.16,48.02,16.16,5.41,5.4,5.41
Bob,13.0,77.6,341.9,492.3,120.4,39.6,39.1,40.4
Alice,13.0,77.6,31.1,49.46,11.55,3.96,3.96,3.98
Bob,11.0,77.0,351.9,562.8,369.4,122.4,122.3,122.5
Bob,13.0,80.3,308.1,463.5,248.7,82.0,82.4,82.3
Charlie,52.3,391.4,,124.38476690771421,-532.6067566734964,-2889.7034836215453,-374.3900332069141,1000510.252222405
Alice,13.1,80.3,40.03,60.1,31.51,10.39,10.41,10.42
Charlie,62.1,206.4,1000933.810426075,,960.6132325034853,-322.36289807511184,,-923.0723963155776
Alice,10.9,76.9,22.5,41.86,36.82,12.41,12.42,12.38
Charlie,-184.7,214.4,,998228.1033177535,-1527.7014119206056,1001299.8712435307,,-236.09709142435565
Bob,13.1,80.3,299.3,507.4,242.7,79.6,79.6,79.8
Alice,13.1,80.2,20.57,43.5,17.71,6.11,6.17,6.05
Alice,13.0,77.6,18.74,41.62,18.47,6.24,6.3,6.29
Alice,11.1,77.0,24.43,45.88,36.54,12.15,12.18,12.14
Charlie,-91.3,-1.1,1000454.7043964168,999402.6189389549,-1998.5703864824395,-611.3527539666895,1000994.868693788,180.33869066388743
Bob,13.1,80.3,282.1,484.0,228.0,76.3,75.8,75.7
Charlie,-28.7,-366.7,-2065.8027113487583,999228.9578428587,,1801.3729896349787,,998818.0044781022
Alice,13.0,77.6,27.89,47.98,13.41,4.31,4.37,4.25
Charlie,111.1,-224.8,123.42728709576181,-1262.9629368673227,-1662.6914834880354,-834.5084358668597,1000853.0151882435,-697.5419424751146
Bob,11.0,76.9,241.1,406.9,374.6,123.7,124.0,123.5
Alice,12.9,77.6,30.21,49.53,13.22,4.35,4.38,4.4
Alice,11.0,77.0,26.52,46.56,34.2,11.45,11.49,11.5
Alice,11.0,76.9,31.76,48.62,37.14,12.62,12.62,12.59
Alice,13.1,80.3,31.18,51.19,24.24,8.02,8.0,8.06
Charlie,-191.1,-121.8,-775.6063614376031,1000701.3898938094,-32.874485152434154,903.5206838035016,,236.71712102639316
Bob,13.1,80.3,263.0,471.5,216.5,71.4,70.9,71.7
Bob,13.0,77.6,313.7,506.7,121.5,40.2,40.6,39.7
Alice,11.0,76.9,29.93,51.19,38.75,13.01,12.98,12.96
Bob,13.1,80.3,277.5,505.0,244.5,83.9,84.6,84.2
Alice,13.0,77.6,35.17,54.28,10.31,3.48,3.47,3.48
Alice,13.1,80.3,22.42,44.41,21.8,7.27,7.25,7.28
Bob,13.1,80.3,321.3,500.6,242.3,81.1,81.3,81.9
Charlie,51.3,-5.8,,,-1860.4384680668331,999399.493364586,-1361.675030463631,1001777.2947680304
Alice,13.0,77.6,33.5,54.74,14.53,4.76,4.72,4.72
Alice,13.0,77.6,32.91,52.64,13.86,4.6,4.63,4.65
Alice,12.9,77.6,27.78,48.37,16.29,5.5,5.59,5.5
Bob,11.0,76.9,352.1,539.6,378.5,124.8,124.1,124.9
Bob,13.1,80.2,312.2,530.0,269.5,89.2,87.8,88.4
Charlie,-182.0,123.3,-7.371897020570486,1001301.1020630241,1000233.2850410879,-521.7666572990717,1000692.7757697082,-1085.9631707417063
Bob,11.0,77.0,349.3,550.7,436.9,146.6,146.6,146.6
Charlie,-17.4,-74.3,999668.9756657919,999694.5005369463,-1751.1672196238787,-1479.3539426560842,-2315.438265887262,1001162.6480586862
Alice,13.0,77.6,27.4,48.63,15.47,5.16,5.14,5.12
Bob,11.0,77.0,284.1,501.3,396.7,132.8,132.4,133.5
Charlie,-125.2,-335.6,-611.0850624767177,,,-222.2649527521454,-741.1626686348293,999428.0714538016
Alice,13.1,80.3,38.14,57.62,30.93,10.29,10.17,10.27
Bob,11.0,76.9,324.8,556.7,355.7,118.2,118.8,118.0
Charlie,162.4,300.5,-1653.1373899299408,433.8352400888765,1001045.0561452312,-1088.5710672687899,493.1956884898786,-1257.7245615862953
Alice,10.9,77.0,23.68,46.81,36.79,12.27,12.26,12.22
Alice,11.1,77.0,31.6,48.15,38.63,12.87,12.81,12.82
Alice,13.0,77.6,29.28,48.6,15.54,5.26,5.31,5.25
Bob,13.1,80.3,321.8,510.4,296.0,99.1,98.5,98.1
Alice,11.0,76.9,29.65,49.56,39.21,13.08,13.17,13.09
Alice,11.0,77.0,23.18,45.18,38.87,12.97,12.93,13.0
Bob,13.0,77.7,258.0,474.4,174.3,56.6,57.2,56.9
Alice,13.1,80.3,31.03,49.74,34.02,11.31,11.44,11.25
Charlie,87.8,25.8,-115.188328776479,999031.5163530381,1000143.4059610713,-50.358501383466205,-312.0979171076018,1000641.8790614777
Alice,11.0,77.0,25.4,42.42,35.07,11.59,11.61,11.69
Alice,13.0,77.6,30.08,47.88,12.47,4.12,4.18,4.07
Bob,13.1,80.3,320.0,491.0,240.5,78.8,78.9,78.9
Bob,11.0,77.0,314.5,556.8,402.8,134.6,134.1,134.3
Bob,13.0,77.6,381.3,569.3,128.4,44.5,44.9,44.3
Charlie,93.6,311.4,836.9911546336737,,1000694.3263811494,69.28370639518312,1692.3130191048756,-516.1588749735386
Bob,12.9,77.6,310.0,507.5,155.4,52.4,52.3,52.6
Alice,13.0,77.6,25.67,44.56,13.53,4.45,4.45,4.38
Alice,13.0,77.6,35.86,58.73,15.41,5.1,5.15,5.08
Bob,13.0,77.7,310.4,540.7,157.9,53.1,53.3,52.7
Charlie,81.9,19.3,1000281.3483474896,300.6254010559587,-184.87675624526565,999913.8378959005,-660.8411967525808,
Alice,13.1,80.3,35.61,55.04,26.91,9.03,9.05,8.97
Bob,13.0,77.6,116.1,367.8,181.7,59.8,60.7,59.2
Bob,13.0,77.6,260.3,466.6,92.8,30.0,30.2,29.6
Alice,13.0,77.6,34.69,54.99,20.57,6.76,6.75,6.75
Bob,13.0,77.6,263.8,483.4,130.9,42.3,41.9,42.2
Bob,13.1,80.3,325.5,563.1,273.3,90.7,91.4,89.8
Alice,11.1,76.9,26.48,49.41,37.74,12.71,12.71,12.78
Bob,11.0,77.0,286.0,473.0,423.1,141.1,141.6,141.4
Alice,13.0,77.5,33.85,54.01,9.55,3.23,3.26,3.31
Bob,12.9,77.6,393.4,620.1,153.5,52.3,52.3,53.3
Bob,11.0,77.0,273.2,499.9,416.1,140.5,141.6,140.3
Charlie,-140.3,-255.4,1000650.9656787794,,,-1671.9173104649906,1000646.7439354187,-811.5464035707173
Alice,13.1,80.3,40.41,60.81,37.1,12.39,12.33,12.33
Bob,13.0,77.5,341.4,541.6,130.3,45.3,46.4,45.4
Bob,13.1,80.3,312.3,500.6,276.0,93.3,93.6,92.9
Bob,11.0,77.0,300.4,524.6,430.5,143.7,142.8,142.7
Alice,11.0,76.9,23.86,43.36,37.09,12.36,12.34,12.39
Alice,12.9,77.6,35.47,53.31,14.7,5.04,5.04,5.08
Alice,11.0,77.0,31.4,53.09,40.02,13.31,13.29,13.3
Alice,11.0,77.0,30.41,48.78,40.8,13.6,13.58,13.55
Bob,13.0,77.6,389.1,624.8,131.8,43.1,42.6,42.7
Alice,12.9,77.6,30.21,51.92,13.69,4.51,4.55,4.43
Alice,11.0,77.0,27.66,50.57,47.19,15.76,15.79,15.81
Charlie,-43.8,-75.9,24.774112281728094,,-2070.668371416597,,,-3729.404384923734
Bob,13.0,77.6,275.4,479.7,145.1,46.0,45.6,46.3
Charlie,-59.2,26.7,-1066.1659345464348,1000110.4180469462,,-1268.6216239380642,999466.155356185,
Bob,11.0,76.9,299.8,529.2,389.3,131.1,130.5,131.5
Charlie,-81.3,-352.0,,-1012.6855633684928,-1426.5996362860371,9.585967891193832,645.3549522707449,999148.3827598133
Bob,13.0,77.6,238.3,491.9,181.6,59.5,60.6,59.8
Alice,11.0,77.0,25.24,44.89,41.32,13.7,13.73,13.76
Alice,11.0,76.9,30.01,46.87,42.68,14.4,14.52,14.39
Bob,13.1,80.3,346.0,569.7,289.5,96.0,96.7,95.8
Bob,13.0,77.6,375.9,560.1,90.9,29.3,30.1,29.1
Alice,13.0,77.6,27.38,44.21,8.27,2.71,2.67,2.69
Bob,11.0,77.0,298.9,506.5,411.9,139.8,140.6,140.0
Bob,11.0,76.9,280.5,484.8,353.7,119.6,119.9,119.9
Bob,13.0,77.6,278.8,504.8,123.4,40.1,39.6,39.8
Alice,11.0,76.9,39.97,59.74,37.23,12.53,12.55,12.54
Bob,11.0,77.0,275.9,412.4,394.4,131.2,130.4,131.8
Alice,13.0,77.6,43.88,62.48,12.93,4.29,4.25,4.28
Charlie,96.1,-135.8,,,-1470.2557162663575,,-710.6610943570156,-1215.8307554361545
Bob,13.1,80.2,340.0,518.4,290.9,98.0,97.9,98.0
Charlie,-51.1,-226.3,1000114.3087530592,-858.2160317716267,1089.6295229091613,-1832.4766217233887,-2973.3061712925573,998686.472201646
Charlie,197.3,-370.6,-1353.858962820104,-483.9843396005531,,1148.7062939370512,-588.1085989243096,-320.6268294258789
Bob,13.0,77.5,199.5,409.5,230.9,78.8,78.3,79.7
Alice,13.0,77.6,23.26,45.44,11.4,4.06,4.03,4.03
Bob,13.0,77.6,348.8,586.9,123.7,40.8,41.7,40.8
Bob,13.0,77.6,208.2,466.0,174.6,58.3,58.8,57.8
Alice,12.9,77.6,25.83,42.41,16.5,5.43,5.49,5.42
Charlie,119.2,-389.1,998298.8595257328,1000688.2597107724,896.499670200166,1000022.5003882454,1580.3397708229693,
Bob,13.0,77.5,302.8,497.9,158.1,52.7,52.7,52.9
Bob,12.9,77.6,295.5,526.5,154.0,51.3,51.8,50.6
Alice,11.0,77.0,32.62,52.29,33.72,11.43,11.4,11.45
Alice,11.0,76.9,25.26,49.9,35.34,11.69,11.62,11.75
Charlie,115.7,104.9,999698.2669460414,,997998.2939982745,810.5224784209931,-1696.9414601380968,
Charlie,-60.5,257.9,157.34656767307766,-1113.6568424990403,-921.8236563202137,1000779.6961821795,-692.9570045312151,1714.8169394863216
Bob,13.1,80.3,247.7,459.5,210.6,69.7,69.9,70.1
Bob,13.2,80.3,263.4,469.3,226.8,75.9,75.9,75.6
Bob,13.1,80.3,170.4,396.8,155.2,51.3,50.6,50.6
Bob,11.0,76.9,289.5,516.0,362.4,119.7,119.2,119.3
Alice,13.1,80.2,35.1,52.11,33.59,11.05,11.08,10.97
Bob,12.9,77.6,291.5,480.2,165.7,55.0,55.1,54.6
Bob,11.0,77.0,302.8,541.4,379.8,126.8,125.8,127.8
Bob,13.0,77.6,295.2,484.3,180.1,61.4,61.6,61.8
Alice,13.0,77.6,34.85,56.83,13.77,4.68,4.72,4.66
Bob,13.1,80.3,235.0,441.5,208.1,69.1,69.5,68.1
Bob,13.0,77.6,341.2,515.3,171.8,58.6,58.5,58.8
Charlie,-103.8,-208.4,999203.0133311861,243.89094162045095,999609.5908135783,363.6072951996998,,
Bob,13.0,77.6,274.8,483.3,121.1,41.6,40.9,41.4
Alice,11.0,76.9,26.05,46.84,35.86,11.9,11.88,11.94
Alice,11.1,77.0,25.91,49.15,40.55,13.3,13.38,13.3
Charlie,-198.2,321.8,-864.8237586573309,-1614.0381615494111,,-1062.1360664693086,-956.0994668766116,562.3545093732296
Charlie,87.7,-53.0,,,999231.5644830965,,-1064.2037949527137,
Alice,13.1,80.3,27.97,46.9,21.43,7.15,7.1,7.14
Charlie,187.7,-104.5,-1457.676992988433,,-500.17836402619065,999212.2775667345,1000035.3714170887,
Bob,13.1,80.3,354.3,529.2,235.9,78.8,78.2,77.8
Charlie,180.4,-28.5,-1109.7501278882742,-440.9021886108555,-361.230192914373,963.552833543816,-1771.2694166774809,999335.299094849
Bob,13.0,77.6,379.8,599.7,78.9,25.6,26.3,25.9
Alice,13.1,80.3,38.71,55.64,34.02,11.48,11.47,11.44
Bob,11.0,77.0,272.2,444.7,416.3,139.4,139.0,140.0
Alice,13.0,77.6,33.26,50.61,9.54,3.19,3.24,3.21
Alice,11.0,76.9,23.09,42.46,48.09,15.83,15.83,15.87
Charlie,-30.6,-298.9,-2075.1030481167554,,-685.9773975138855,,,976.1386900669211
Alice,11.0,77.0,29.78,50.42,38.51,12.79,12.75,12.89
Charlie,58.0,395.8,1001152.3486389619,,,,524.5846830476146,-1112.9811231066105
Alice,12.9,77.6,25.5,51.12,15.83,5.32,5.24,5.34
Bob,13.0,80.3,319.3,527.4,263.9,87.4,86.9,87.5
Bob,13.1,80.3,305.8,456.2,278.3,92.1,92.0,92.4
Bob,11.0,77.0,241.6,489.8,418.0,139.0,138.1,139.7
Alice,11.1,77.0,32.16,49.63,37.65,12.64,12.68,12.66
Alice,11.0,76.9,26.85,49.67,40.74,13.58,13.61,13.58
Bob,11.0,77.0,317.4,499.2,350.8,115.9,116.1,115.5
Alice,13.0,80.3,25.61,47.07,20.07,6.7,6.71,6.68
Bob,13.1,80.3,224.1,440.0,203.5,67.3,68.1,67.3
Bob,13.1,80.2,357.5,561.1,350.6,116.0,114.2,116.2
Bob,11.1,77.0,245.4,428.7,326.1,108.7,108.0,108.4
Alice,13.1,80.3,23.68,45.79,20.66,6.89,6.91,6.84
Alice,13.1,80.3,34.99,52.47,33.19,10.99,11.02,11.06
Charlie,-75.2,-1.2,,,999578.4176885597,,,1001237.3697935636
Charlie,59.9,-25.3,227.0288603889453,,839.9445397420276,,-11.900823094228096,999570.0085913852
Alice,11.0,76.9,34.6,58.55,36.55,12.16,12.22,12.25
Alice,12.9,77.6,37.41,57.2,12.21,4.0,4.0,3.91
Bob,13.1,80.2,381.8,564.4,324.0,106.5,106.5,106.0
Alice,13.1,80.2,39.11,58.5,30.37,10.02,10.05,9.98
Alice,11.0,76.9,26.46,48.34,34.72,11.59,11.57,11.63
Alice,13.0,77.6,30.97,50.11,8.34,2.69,2.67,2.68
Bob,13.0,77.6,381.7,541.6,126.9,42.3,43.0,42.7
Alice,13.0,77.6,30.42,48.75,16.71,5.57,5.59,5.49
Bob,11.0,77.0,340.7,496.5,398.9,132.6,133.6,131.9
Alice,13.1,80.3,30.16,48.76,24.66,8.19,8.16,8.22
Alice,13.0,77.5,33.79,52.2,12.66,4.32,4.37,4.44
Bob,12.9,77.6,305.5,504.3,122.5,39.7,39.7,40.1
Bob,13.0,77.6,337.1,511.3,119.9,40.6,41.0,40.6
Alice,11.0,76.9,22.93,40.45,42.44,14.22,14.32,14.23
Alice,13.0,77.6,30.01,50.42,13.5,4.41,4.44,4.48
Charlie,132.5,91.9,998688.456033963,999019.2351563375,,999399.1703609041,1233.1159171321765,
Alice,13.0,77.6,28.33,48.73,16.85,5.72,5.69,5.75
Alice,13.1,80.3,37.04,56.11,37.63,12.51,12.57,12.52
Alice,13.0,77.6,32.38,51.26,12.0,4.02,4.03,4.07
Bob,11.0,77.0,325.7,508.4,393.3,130.2,129.8,129.8
Bob,11.0,76.9,290.0,526.6,383.8,127.5,127.7,127.4
Bob,13.0,77.6,241.5,426.9,163.1,54.7,55.2,53.9
Alice,13.1,80.3,25.97,47.27,29.35,9.89,9.96,9.9
Alice,13.1,80.3,27.02,45.64,27.0,8.79,8.87,8.84
Charlie,-24.8,-22.9,484.6418618765076,-234.50753514589096,,868.5271880730909,1705.362356513084,-383.42064769272883
Alice,13.0,77.6,27.48,48.33,12.11,4.16,4.09,4.14
Bob,13.0,77.6,252.7,453.9,163.3,55.1,54.7,55.1
Bob,12.9,77.6,297.3,534.8,83.2,29.0,28.6,28.8
Alice,11.0,77.0,31.89,49.85,35.76,11.82,11.86,11.76
Alice,11.0,77.0,25.7,45.2,40.0,13.13,13.17,13.14
Bob,13.0,77.6,271.1,422.1,130.5,43.1,43.1,43.0
Bob,13.0,77.6,263.5,466.0,126.5,42.7,42.6,42.4
Charlie,31.4,-136.7,1001203.5780545335,999628.5379789124,-760.600664425139,-962.4366486188883,999170.6796256386,
Charlie,110.4,365.0,,589.1473016364573,1000528.036004548,-2393.8176478742052,999009.2630812587,-2307.0983443991327
Alice,11.0,76.9,19.86,37.96,38.93,12.99,12.96,13.01
Bob,13.0,77.6,210.2,378.3,173.7,58.9,58.9,59.2
Charlie,-147.1,-279.1,999772.1074412342,-1503.7223368294535,-494.73865682579833,-1265.924194072433,-684.9961501263926,-1382.7784017095585
Bob,11.0,76.9,268.7,467.2,350.4,115.4,115.2,115.4
Charlie,158.9,-252.4,,-1307.6425810934404,,,,-422.4830453927882
Alice,12.9,77.6,32.0,51.73,12.71,4.24,4.29,4.28
Alice,13.0,77.6,32.91,52.64,13.86,4.6,4.63,4.65
Alice,11.0,76.9,34.37,52.9,34.83,11.57,11.6,11.53
Charlie,-35.7,19.0,-18.13424350808177,1001674.2707660712,,998702.2716243188,-1561.050852022268,-1192.8060873074126
Bob,13.1,80.3,276.5,482.4,265.0,87.7,87.7,87.8
Charlie,122.4,141.8,996077.5997483816,-521.9621848077165,887.8039355788485,310.53963791420404,999199.7067183927,-1160.450043265634
Bob,13.0,77.6,273.8,461.4,156.2,52.9,53.6,54.1
Bob,11.0,77.0,269.2,480.3,401.2,134.3,134.6,134.2
Bob,13.0,77.6,255.9,427.8,190.2,62.6,62.4,61.4
Bob,11.0,77.0,330.3,535.3,356.5,120.0,119.6,120.2
Alice,11.0,77.0,26.55,48.07,36.38,12.07,12.03,12.15
Alice,13.1,80.2,34.94,52.82,29.43,9.88,9.88,9.95
Alice,11.0,76.9,31.93,53.97,35.01,11.63,11.64,11.64
Charlie,75.7,-137.4,-28.81660158862331,1000123.7546425243,-569.637358493502,-999.7760520042119,,
Alice,11.0,76.9,29.01,47.82,41.35,13.98,13.94,13.94
Bob,12.9,77.6,329.7,518.6,122.2,38.9,38.7,39.5
Alice,11.0,77.0,33.46,55.19,33.32,10.92,10.9,11.02
Alice,11.0,76.9,35.14,55.32,41.41,14.1,14.09,14.17
Alice,13.0,77.6,27.48,48.33,12.11,4.16,4.09,4.14
Bob,13.0,77.6,311.7,485.0,139.7,47.8,48.0,47.7
Alice,13.0,80.3,28.64,48.66,25.37,8.56,8.56,8.54
Bob,11.0,76.9,288.6,496.8,422.5,141.3,140.8,141.5
Charlie,198.3,82.1,,,-2369.4637746560584,,686.8274954528385,675.4908472654697
Charlie,133.4,268.0,-663.416954540965,-1216.7317891564617,1065.4247235975804,999737.4243406844,,-1324.741935081974
Bob,11.0,77.0,297.5,522.5,411.5,137.0,136.8,137.2
Charlie,119.9,308.2,-1212.451702713056,-761.5010743269459,,-1190.7458007366715,-1527.0661182397741,
Alice,11.0,77.0,27.69,46.13,37.25,12.22,12.19,12.21
Alice,11.1,77.0,36.57,50.05,34.42,11.59,11.57,11.66
Bob,11.0,77.0,310.0,511.5,401.8,133.1,133.5,132.9
Bob,11.1,77.0,364.5,561.3,364.2,122.1,122.2,122.5
Bob,13.0,77.6,358.5,557.4,131.1,44.1,43.7,44.0
Alice,11.0,77.0,29.91,52.8,44.15,14.79,14.69,14.89
Bob,11.0,76.9,240.7,447.3,379.5,127.2,127.1,127.5
Charlie,75.7,-368.1,,1000656.8987063196,1316.176081530022,-507.99594589704014,,271.03009943114057
Alice,13.0,77.6,23.05,50.01,15.87,5.44,5.38,5.4
Alice,13.0,77.6,22.97,45.53,19.57,6.29,6.29,6.33
Bob,13.0,77.6,260.9,489.4,207.6,70.6,70.4,70.9
Alice,12.9,77.6,35.66,53.12,14.61,4.87,4.88,4.94
Charlie,137.3,262.1,237.73172790598613,,1001574.5863577623,998732.7233116273,,470.6619906522892
Charlie,0.5,-360.2,999948.0452290992,999801.9263698506,1001161.503048482,-771.5178222818083,1000930.5333193246,888.9877491836431
Charlie,102.3,-39.0,,-2782.115081984829,998895.9743665276,-854.3830031731088,512.5436283994018,
Charlie,130.0,-224.3,,1477.7202953020749,,-1665.045918003112,-1728.7901963773834,-169.3288571150473
Bob,11.0,76.9,277.6,464.4,378.8,127.0,127.5,127.5
Bob,13.0,77.6,251.0,455.6,208.0,67.6,67.5,66.9
Charlie,150.6,-25.4,,-1847.627212496884,997644.2965098727,999157.9013102786,999949.9194011436,
Bob,13.0,77.6,254.6,448.2,158.3,51.6,51.7,52.0
Alice,13.1,80.3,24.7,46.82,19.8,6.43,6.41,6.37
Alice,11.0,77.0,30.72,51.24,38.08,12.74,12.73,12.72
Charlie,157.3,-341.3,-735.5183150486262,-705.5379472784609,,-391.6706095040324,1057.427287114136,-1789.0123905014411
Bob,11.0,76.9,298.1,510.4,373.3,125.1,125.1,124.3
Alice,13.0,77.6,21.97,43.32,21.17,7.08,7.15,7.17
Bob,13.0,77.6,395.4,582.1,167.4,55.7,55.3,55.7
Alice,13.0,77.6,32.14,49.32,10.4,3.53,3.49,3.47
Charlie,-154.4,89.2,999769.2138478972,-474.06271974534957,,-1102.6485734506316,-1549.1264809895774,999883.511647369
Bob,11.0,77.0,331.3,509.1,365.2,122.8,122.1,122.8
Alice,11.0,76.9,30.26,50.95,34.89,11.69,11.71,11.64
Bob,11.0,76.9,267.8,455.0,478.9,161.6,161.7,160.9
Bob,11.0,77.0,305.1,519.1,395.4,131.7,131.3,132.2
Bob,12.9,77.6,222.2,422.6,158.8,49.7,49.4,49.7
Alice,13.1,80.3,29.73,47.28,23.12,7.65,7.64,7.72
Bob,11.0,77.0,224.9,417.7,416.6,137.8,138.0,138.0
Charlie,-58.6,111.0,,-824.3262875082207,-1565.3499525010943,245.23584789423637,998952.2250538609,
Bob,13.1,80.2,272.5,466.3,228.3,76.8,76.1,76.8
Charlie,11.8,11.2,933.0666057209853,998895.548172145,-1651.287464983182,1214.944106854969,-74.59267700807634,1001003.3658927291
Bob,13.0,77.6,345.7,556.3,135.8,45.3,44.6,45.4
Bob,11.0,76.9,404.1,597.0,383.8,129.0,128.5,128.9
Bob,13.0,80.2,376.9,572.5,311.0,104.1,104.5,104.4
Charlie,-16.9,-172.1,446.70361080914415,-1770.8136306140893,1000391.5511752601,-1441.3417457153696,-1207.1616890940402,
Alice,11.0,76.9,33.33,55.83,37.01,12.58,12.59,12.57
Alice,13.0,77.6,30.83,52.55,12.06,4.17,4.13,4.08
Alice,11.0,77.0,35.42,54.59,38.55,12.85,12.96,12.82
Charlie,63.8,388.0,,-1315.797408218141,1907.490672553268,398.7128017903442,-711.3199105465682,
Alice,11.0,76.9,39.27,63.84,40.32,13.46,13.43,13.49
Charlie,125.5,198.8,1001304.8347633193,997656.9608983481,-2490.2475232990464,-2892.03357248567,290.08789963543234,-2177.031631453071
Bob,11.0,76.9,402.1,600.2,316.3,104.5,104.8,104.9
Bob,13.1,80.3,253.9,453.0,246.8,82.2,82.0,82.8
Bob,13.0,77.6,357.4,517.8,136.0,45.1,45.7,45.2
Alice,11.0,76.9,26.1,46.54,40.17,13.52,13.45,13.51
Charlie,61.4,104.5,-1382.5838427224335,697.0509788397266,-484.33936991660573,999473.517645205,1000226.3042077451,999957.1756209244
Bob,11.0,77.0,311.0,503.7,407.5,134.6,134.1,134.1
Alice,13.0,77.6,34.95,51.74,11.74,4.0,4.05,4.07
Alice,13.0,77.6,35.87,57.44,12.58,4.24,4.24,4.16
Bob,13.1,80.3,253.9,463.2,212.6,72.3,72.8,72.9
Charlie,184.8,25.9,-2277.4366038453427,999285.1927410085,1000014.6940955444,336.07541250534643,1001419.0644133575,999926.0152184637
Bob,11.0,76.9,324.1,520.5,405.6,134.2,134.7,134.3
Bob,11.0,77.0,375.8,565.0,363.8,120.8,121.4,119.7
Alice,13.1,80.3,26.74,44.89,23.04,7.86,7.86,7.82
Alice,11.0,77.0,36.11,57.27,30.37,10.06,10.09,10.06
Alice,11.0,77.0,30.91,53.88,38.68,12.93,12.86,12.94
Alice,13.0,77.6,33.15,51.98,7.97,2.69,2.69,2.66
Alice,13.2,80.3,27.33,45.96,27.12,9.04,9.01,9.06
Bob,11.0,76.9,404.3,621.8,312.7,102.9,102.9,103.4
Charlie,-188.4,167.0,,1000433.5416104725,,-894.2296164758768,343.59753517821616,-451.53672645942936
Bob,12.9,77.6,271.7,457.1,171.7,57.3,57.2,57.4
Alice,11.0,77.0,32.9,54.07,36.31,12.16,12.06,12.05
Charlie,27.6,-70.5,374.06208813104354,-452.2610212624394,-2740.4264220349314,1000763.7997723633,-83.43238622229876,-1622.613899959319
Bob,11.0,77.0,331.6,532.2,330.5,109.8,110.3,110.0
Charlie,109.4,30.8,-1459.2203979892406,864.1995258873496,-2869.731661954991,999740.4032781908,-1026.2423753029,1000227.3259068232
Bob,11.1,76.9,300.9,511.1,337.4,113.8,113.5,113.7
Alice,12.9,77.6,31.24,52.07,18.0,5.82,5.89,5.81
Bob,12.9,77.6,318.5,506.5,186.2,62.0,61.9,61.8
Bob,12.9,77.6,408.8,605.2,60.2,20.9,20.3,20.5
Bob,11.1,77.0,268.3,446.7,388.6,130.6,130.4,130.6
Alice,11.0,76.9,30.25,47.57,34.89,11.55,11.56,11.56
Alice,12.9,77.6,32.44,54.05,15.61,5.0,4.98,4.97
Charlie,194.2,119.0,,,1198.3685693734596,-510.68393819565074,-622.4452671620895,
Alice,13.0,77.5,24.4,43.39,16.29,5.35,5.35,5.38
Alice,13.1,80.3,29.66,51.56,27.48,9.32,9.32,9.35
Bob,11.0,77.0,279.7,463.2,391.7,132.3,133.0,132.0
Charlie,137.6,-14.4,-76.95517277323813,1000245.4986817943,,-1855.7425799515072,-1481.717050935526,655.5543582884528
Alice,13.0,77.6,33.41,52.51,14.99,4.99,4.97,5.02
Alice,11.1,77.0,29.52,49.2,43.89,14.65,14.62,14.56
Alice,11.1,77.0,27.42,50.09,35.62,11.88,11.87,11.84
Charlie,48.3,-122.9,368.4975868390388,,2572.7523892444738,999791.7947420101,-259.7211710765324,999957.6681043397
Alice,12.9,77.6,25.11,41.97,16.31,5.61,5.62,5.6
Charlie,-14.9,-70.8,-2375.085233167085,,,-1370.9311036076683,-718.0819792489499,
Bob,13.0,77.6,252.4,444.0,157.6,51.9,52.4,52.5
Bob,12.9,77.5,342.5,542.2,159.3,54.3,54.7,54.4
Alice,11.0,76.9,29.52,54.17,38.04,12.7,12.67,12.74
Alice,13.0,77.5,26.6,47.18,20.64,6.89,6.91,6.81
Alice,11.0,76.9,29.62,48.87,40.44,13.53,13.57,13.53
Alice,11.0,76.9,40.79,62.45,27.65,8.98,8.95,8.97
Bob,11.0,77.0,403.8,600.0,332.3,110.3,110.0,109.7
Bob,10.9,77.0,287.4,494.1,386.8,127.6,126.7,128.0
Bob,13.0,77.6,287.1,513.4,128.8,44.8,43.9,44.7
Charlie,54.6,-75.8,1000063.7023597658,-846.0396726276344,1000521.2299906445,-2882.520751467464,,
Alice,13.1,80.2,34.14,54.11,33.4,11.34,11.38,11.36
Charlie,-148.4,-194.4,,,999413.3054112381,999813.5635841785,-679.9418085067555,1000362.543091093
Alice,13.0,80.2,30.78,48.39,25.96,8.78,8.82,8.73
Bob,13.0,77.6,404.8,597.7,127.8,41.5,41.9,42.2
Bob,13.0,77.7,366.5,571.4,131.3,42.9,43.0,42.8
Alice,13.1,80.3,34.94,57.07,29.35,9.83,9.93,9.82
Charlie,-165.0,348.8,999542.315438321,,-774.8021781355291,1281.3833981236348,-677.0111767903435,-338.84707133865345
Charlie,67.0,268.2,999707.2420812276,999277.652595385,-1198.5691868809604,998868.9313700651,-1455.2205808827055,
Charlie,-68.5,-350.4,-613.2118924759965,-781.6720723468876,-1271.2965631476404,,-1328.3209426905598,-182.9015674239269
Bob,11.0,77.0,310.4,540.1,376.0,127.0,126.1,127.3
Bob,11.1,76.9,218.2,428.4,389.9,130.0,130.4,130.1
Alice,13.0,80.3,32.41,53.54,24.49,8.04,7.98,7.99
Bob,11.0,77.0,283.4,497.0,406.8,134.9,135.9,135.3
Alice,13.0,80.3,26.07,52.59,18.02,6.14,6.25,6.03
Bob,11.0,77.0,261.9,508.1,381.5,126.8,126.6,126.8
Alice,11.0,77.0,24.35,44.77,37.57,12.28,12.29,12.35
Alice,13.1,80.3,30.04,50.58,26.96,8.96,8.99,8.95
Bob,13.1,80.3,333.1,503.0,240.9,82.1,81.8,81.1
Bob,11.0,76.9,250.4,472.2,345.4,113.9,113.7,113.8
Alice,13.0,77.6,23.95,43.61,15.85,5.05,5.01,5.01
Alice,13.0,77.6,23.51,42.58,19.84,6.64,6.48,6.64
Alice,13.2,80.3,33.11,52.81,23.47,7.91,7.95,7.89
Bob,12.9,77.6,244.8,449.5,158.1,52.6,52.7,52.6
Alice,13.0,77.6,24.54,42.11,14.25,4.61,4.62,4.57
Bob,13.1,80.3,337.5,533.1,233.7,76.7,76.6,77.1
Bob,11.0,77.0,354.0,535.3,402.4,135.6,135.8,136.1
Alice,11.0,77.0,35.52,54.54,36.4,12.13,12.04,12.18
Bob,11.0,77.0,402.9,585.9,373.2,124.4,125.2,124.0
Alice,13.1,80.3,35.55,55.94,31.9,10.46,10.5,10.43
Charlie,-70.2,-66.7,1000587.0575345946,,1000137.3413245651,,1270.088025254897,657.3210951195391
Charlie,184.6,-138.3,-385.0387679532254,-1392.7262384258174,1000939.7354817471,1000611.6015615497,-1124.2000969469782,-1075.0270003968008
Bob,13.0,77.6,359.1,576.2,156.8,51.5,52.6,51.5
Charlie,-125.9,205.7,,-2034.5979596066547,999480.1658542748,815.5942445961629,214.92596477670568,604.735012294853
Alice,12.9,77.6,17.47,39.32,21.48,7.22,7.26,7.2
Charlie,-78.4,44.6,,1001985.6764110149,-501.8880043554585,-705.5810223159519,,1000334.3747468733
Bob,13.0,77.6,312.7,549.9,124.4,41.8,42.0,42.0
Alice,13.0,77.6,30.54,48.11,15.61,5.13,5.1,5.15
Alice,11.0,76.9,33.78,54.93,38.95,12.92,12.88,12.94
Alice,11.0,76.9,28.35,47.12,34.3,11.47,11.47,11.49
Bob,11.0,77.0,419.1,592.4,357.8,119.7,119.6,120.0
Bob,13.0,77.6,295.6,496.4,155.7,51.6,52.3,52.2
Bob,12.9,77.6,257.8,471.0,163.8,54.8,54.8,54.4
Alice,11.0,77.0,25.79,46.15,39.71,13.26,13.16,13.26
Bob,11.0,77.0,293.3,496.7,395.9,130.7,130.4,129.8
Alice,13.0,77.6,28.0,47.04,16.08,5.3,5.36,5.32
Bob,13.0,77.6,248.8,440.1,166.4,57.4,57.7,57.6
Alice,12.9,77.6,35.2,52.71,13.78,4.42,4.47,4.36
Alice,11.0,77.0,24.52,44.99,33.08,11.03,10.97,11.04
Charlie,-51.4,386.0,-706.7155709951479,-900.9211185541528,1000400.7372536917,-1462.1104551954147,-1250.833671811231,
Bob,13.0,77.6,292.8,486.0,155.4,52.6,53.1,52.5
Bob,13.0,77.6,354.7,581.6,106.5,35.5,35.1,35.6
Alice,13.1,80.3,21.66,42.51,23.2,7.69,7.74,7.64
Bob,13.1,80.3,322.3,515.5,306.2,102.2,102.3,102.3
Bob,13.0,77.5,311.0,522.2,151.8,50.3,51.4,50.4
Alice,12.9,77.6,29.91,47.07,18.4,6.2,6.21,6.27
Bob,11.0,77.0,294.0,504.7,325.1,108.5,107.9,108.6
Bob,13.0,80.3,389.4,563.0,286.9,96.1,95.6,95.6
Alice,13.0,77.6,35.44,56.94,12.89,4.41,4.42,4.43
Alice,13.1,80.2,31.42,53.3,28.05,9.2,9.25,9.21
Charlie,-149.4,228.5,,-486.63118818926915,,69.08519272427115,-1573.6290221169847,1000561.5734705711
Bob,13.0,77.6,385.6,549.8,129.7,43.3,43.2,43.4
Bob,11.0,76.9,341.1,526.4,379.9,125.6,125.8,125.5
Charlie,17.7,-103.1,999436.7902659574,,-1229.4951577080878,-2477.1644163123815,-1670.5431614166832,-697.0281264127168
Charlie,-194.9,-87.4,,1801.528407832186,-1819.266464189372,,,-926.780549687535
Bob,12.9,77.6,314.4,494.5,134.0,45.0,44.9,44.6
Charlie,-114.1,233.4,999185.3143467624,-1122.9146774475707,-1750.022681565717,,248.30547573598417,
Bob,13.0,80.3,235.4,443.9,276.1,92.6,92.9,92.5
Bob,13.0,77.6,333.8,523.6,214.6,71.0,70.1,70.5
Bob,11.0,77.0,398.7,599.8,361.2,121.6,122.0,120.9
Alice,11.1,77.0,28.78,48.23,45.22,14.98,14.99,15.0
Alice,13.1,80.2,26.45,41.03,25.6,8.4,8.54,8.31
Alice,12.9,77.5,24.12,45.47,15.17,4.92,4.92,4.94
Bob,12.9,77.6,315.6,520.4,132.5,43.7,43.8,43.9
Charlie,-39.9,37.0,1000976.5065890632,599.1232408367341,-900.0118362344482,,1001026.08744096,1501.879133796319
Alice,13.1,80.3,27.12,42.74,22.52,7.38,7.46,7.43
Charlie,107.8,353.1,-612.3201209671536,-541.6820608745583,,1000835.3334353649,1000609.7377233367,910.9070350337493
Bob,13.0,77.6,340.7,524.3,136.6,46.4,46.1,46.1
Alice,13.1,80.2,33.06,49.5,33.92,11.27,11.3,11.21
Alice,11.0,77.0,38.23,56.81,34.87,11.6,11.56,11.68
Bob,13.0,77.6,229.2,408.1,164.3,54.6,53.7,55.0
Bob,11.0,77.0,375.4,582.1,359.6,121.5,121.3,121.9
Alice,11.0,76.9,16.89,34.49,45.46,15.2,15.17,15.25
Charlie,-160.2,-178.7,,1000459.2041815995,-730.8131256087531,-1527.461356118704,-1208.9179573708718,-46.49658112655793
Charlie,-63.9,94.3,1000503.2323845325,,,-7.674063684503472,1001210.1660953653,-269.49375570398644
Alice,12.9,77.6,21.65,42.58,18.98,6.32,6.3,6.33
Bob,11.0,77.0,330.9,513.2,410.0,136.2,137.0,136.3
Alice,13.0,80.3,32.28,56.3,26.82,8.92,8.9,8.94
Alice,11.1,76.9,27.95,46.63,42.97,14.28,14.3,14.25
Bob,12.9,77.6,301.3,506.7,154.0,50.5,49.9,49.8
Bob,13.0,77.6,286.4,480.3,182.8,60.5,60.1,60.8
Bob,13.1,80.3,344.2,523.6,271.0,91.6,91.3,90.8
Bob,11.0,77.0,320.3,476.3,368.9,122.4,122.0,121.6
Charlie,-54.4,280.6,-322.0300291034715,1000644.3884535382,,,-769.6664090113885,1000394.757389108
Bob,13.1,80.3,342.8,549.9,289.1,97.1,97.9,97.1
Bob,11.0,77.0,244.3,455.5,391.2,131.6,131.5,131.2
Alice,13.0,77.6,25.98,47.17,15.19,5.16,5.15,5.11
Alice,13.0,77.6,24.82,46.53,16.61,5.38,5.35,5.39
Bob,11.0,77.0,363.9,537.7,392.3,130.6,130.3,130.2
Bob,13.0,77.5,298.1,454.5,160.7,54.9,54.7,55.5
Alice,13.0,77.6,34.57,55.13,13.91,4.55,4.57,4.62
Charlie,194.8,261.1,,1001515.3180943239,,-689.3290680800719,435.85646408589787,522.0206351107665
Charlie,178.0,79.7,999191.0361070742,-2498.635497149212,-1062.0886982142874,1629.3185174416121,-630.863510683409,-100.43862326169233
Bob,11.0,76.9,421.9,610.8,326.1,108.3,107.8,108.1
Bob,13.0,77.6,265.9,474.3,189.3,63.6,63.8,63.8
Alice,12.9,77.6,30.22,49.69,17.69,6.09,6.13,6.05
Bob,11.0,77.0,281.9,500.6,419.7,138.1,138.5,138.4
Charlie,-121.1,311.0,1071.4759302545597,,-1991.1401489546665,1000226.2922672435,-1086.7108113847273,998548.1652548315
Charlie,-196.6,-12.2,-2075.6504835748874,123.52920184109303,-483.83697707353065,1000373.6534056212,-1510.5460503694962,998814.185088985
Bob,13.0,77.6,199.0,436.3,132.9,44.3,44.4,44.7
Bob,11.0,77.0,348.6,547.9,367.1,121.8,121.2,122.3
Bob,11.0,77.0,251.1,417.2,384.8,128.9,128.6,128.8
Charlie,151.2,301.6,,,1000685.890456438,999732.6829768321,-1115.246536376814,1000370.8677924711
Alice,11.1,76.9,37.18,54.67,40.23,13.44,13.45,13.35
Charlie,32.9,-111.4,991.9263098869546,1000603.781469553,,-287.49555790783927,-1595.3056976939824,-1874.865655501711
Alice,13.0,77.6,31.1,48.21,15.49,5.19,5.24,5.21
Bob,13.2,80.2,339.0,534.0,368.9,123.1,123.6,122.7
Charlie,107.2,172.5,192.86184315019065,-567.4472812283516,999467.1637312201,,998096.2405943554,998884.8737373365
Charlie,-95.1,173.4,998893.1297084659,1000166.1406130784,272.42838281659533,-411.8427355641347,1000944.2148402518,
Charlie,-10.7,142.5,999866.7212847709,-2102.600691921022,,-529.7677059230407,-650.3846689716147,999905.727282769
Alice,13.0,77.6,29.15,50.91,18.55,6.16,6.21,6.19
Alice,13.1,80.3,28.61,51.36,24.21,8.14,8.11,8.13
Charlie,125.8,187.1,-682.074798023783,,182.28022353786972,1383.1356467781525,,
Alice,12.9,77.6,33.38,51.05,12.73,4.12,4.08,4.12
Bob,13.1,80.3,353.1,541.0,282.7,94.8,95.4,94.6
Bob,12.9,77.6,358.0,563.3,118.3,38.1,37.7,38.7
Bob,12.9,77.6,293.8,504.4,141.2,47.4,46.9,48.0
Charlie,-172.1,296.0,314.9718715553322,-687.9378682732615,274.6531240383413,,-945.3051346253739,1474.4820073782557
Bob,11.0,77.0,269.3,488.2,395.8,132.3,132.3,132.4
Bob,11.0,77.0,292.4,473.5,380.5,126.8,127.1,126.5
Bob,11.0,77.0,221.9,430.4,439.9,149.0,149.3,148.5
Bob,11.0,76.9,214.9,381.1,439.5,145.4,145.3,146.3
Bob,11.0,76.9,314.6,483.2,365.1,121.7,122.2,122.2
Bob,13.0,77.6,332.1,549.2,186.6,62.5,62.5,62.4
Charlie,9.6,298.0,1168.5803642733815,999872.8006160175,,612.8253216693214,-700.3280226620736,
Alice,13.0,77.6,33.59,50.54,15.94,5.32,5.27,5.25
Bob,11.0,76.9,291.4,470.0,404.5,133.2,132.9,134.0
Bob,13.0,77.6,379.5,522.9,102.1,32.0,31.7,31.9
Charlie,-154.3,231.2,108.44460172289291,-1107.4448817942493,-859.3992108172007,,,
Bob,13.1,80.2,231.5,434.1,204.1,67.9,66.8,67.4
Bob,11.0,76.9,379.7,625.4,348.3,117.3,116.8,117.4
Alice,13.0,77.6,26.78,49.53,14.82,4.84,4.91,4.84
Alice,13.0,77.6,37.31,54.8,9.0,3.0,2.89,2.99
Bob,11.1,76.9,287.6,504.6,377.2,123.9,124.2,124.4
Alice,11.0,77.0,31.89,53.35,42.93,14.14,14.16,14.1
Charlie,189.4,-382.2,,,,272.19855425009746,1000537.1798145417,998936.7413134687
Bob,13.0,77.6,376.1,571.1,131.2,43.3,43.2,44.1
Bob,12.9,77.6,323.0,536.3,126.7,42.0,42.3,43.0
Charlie,165.9,19.8,999001.179130666,,-996.4173981672167,999578.5170028337,-406.02915441271534,-1459.6052987574803
Alice,11.0,76.9,25.1,45.64,41.65,13.69,13.75,13.74
Bob,12.9,77.6,298.1,530.6,193.1,66.3,66.1,65.4
Bob,13.0,77.6,361.4,574.6,121.3,40.2,39.8,41.0
Bob,13.0,77.6,319.2,524.5,155.1,50.7,50.2,50.1
Bob,13.0,77.6,334.6,529.3,109.5,35.9,35.8,37.3
Alice,13.0,77.6,28.64,50.96,18.71,6.13,6.17,6.12
Alice,12.9,77.6,38.1,59.16,8.13,2.44,2.47,2.52
Alice,11.0,77.0,36.0,57.32,37.29,12.51,12.5,12.57
Alice,13.0,77.6,27.37,46.91,17.4,5.79,5.79,5.81
Charlie,-9.7,346.0,,1000254.1276870715,999521.4457332822,540.7523765167723,999286.8076956338,220.84177029035231
Bob,11.0,76.9,274.3,443.9,333.1,112.2,111.9,112.9
Charlie,150.0,-126.3,1269.6132625998428,,999845.3096688654,499.5589082492027,1000667.2189393046,
Bob,13.1,80.3,280.5,516.4,257.2,84.8,84.6,85.3
Bob,13.0,77.6,339.4,468.5,139.5,46.0,45.2,45.7
Bob,13.0,80.3,313.5,513.2,278.1,93.9,93.8,93.9
Charlie,68.8,-133.8,998452.4302058637,987.8615824065092,-912.6425747397363,-362.8556273736071,998954.305029122,1001365.5603704322
Alice,13.0,80.3,27.6,46.68,25.46,8.42,8.32,8.5
Bob,11.0,77.0,267.4,516.9,406.4,133.8,133.4,134.3
Charlie,-180.5,353.5,999992.9370954492,,-1351.7075320246465,-2810.6283166180838,-627.9185213326138,-1198.669133822903
Bob,11.0,77.0,263.6,478.8,426.7,140.5,141.5,141.0
Bob,11.0,76.9,352.8,548.2,366.4,119.9,119.7,120.4
Bob,11.0,77.0,306.0,463.7,413.8,138.1,137.4,138.8
Alice,11.0,77.0,29.87,48.7,41.99,14.23,14.26,14.16
Charlie,188.5,147.6,1000205.48642756,-1673.539647897243,1216.7234924979468,1000804.8559381801,133.49941906137147,-818.5389365193613
Bob,13.1,80.3,245.3,445.6,201.0,66.7,67.0,66.6
Alice,11.0,76.9,27.9,49.92,36.49,12.13,12.06,12.11
Alice,13.0,77.6,30.61,54.16,13.68,4.5,4.46,4.52
Alice,13.0,77.6,21.81,39.69,21.02,6.92,6.94,6.88
Charlie,-185.7,-64.8,-1165.2019999652885,,-1668.7138623461299,998146.2677587809,1001081.3169577685,-1972.335003816188
Alice,13.1,80.3,21.62,46.86,26.74,8.83,8.79,8.81
Alice,13.0,77.6,25.58,45.05,16.74,5.57,5.54,5.47
Bob,11.1,77.0,330.7,532.6,326.8,110.6,110.2,110.3
Alice,12.9,77.6,31.15,50.2,17.59,5.56,5.6,5.61
Alice,11.0,77.0,31.15,50.71,39.29,13.09,13.09,13.09
Charlie,-24.9,158.2,,-1439.6081307988272,398.4839930693213,-2115.2172279709193,999982.0720317502,999719.88899225
Alice,11.0,76.9,25.42,49.08,43.28,14.44,14.41,14.53
Bob,13.0,80.2,301.0,503.5,235.2,77.5,78.0,77.9
Alice,13.0,77.6,34.01,49.53,6.49,2.02,2.03,2.04
Charlie,45.1,273.0,,-2681.9687839854105,-1673.4142395598724,-2528.5912962592865,-449.8715187821206,998273.7860380422
Alice,12.9,77.6,28.21,48.0,13.84,4.51,4.5,4.55
Bob,11.0,76.9,290.4,494.3,418.4,138.9,139.4,138.7
Bob,11.0,77.0,249.2,424.5,407.0,133.4,133.1,132.7
Bob,13.0,77.5,377.2,543.6,151.4,49.4,49.8,49.2
Bob,13.0,77.6,264.4,478.3,140.5,46.7,46.7,47.0
Charlie,155.6,-263.4,,1002503.1717909058,1001154.9975605416,1377.9743339254137,752.4833770742185,999140.540276552
Charlie,170.7,-275.3,,,,1000457.2248119493,-1514.4140623981207,
Alice,11.0,76.9,26.0,46.73,48.54,16.09,16.01,16.1
Alice,11.1,76.9,30.87,49.64,41.6,13.94,13.93,13.95
Alice,11.0,77.0,37.25,52.58,36.35,12.16,12.15,12.19
Bob,13.1,80.2,252.0,441.7,254.8,84.1,84.5,83.5
Bob,11.0,76.9,212.3,430.9,413.1,136.6,136.8,136.5
Charlie,-51.4,387.4,1.8035063564141764,-1546.264009177465,,-904.6497256672214,998734.3635549102,39.56972413364814
Alice,13.1,80.3,34.03,52.65,27.1,8.96,8.91,8.95
Alice,13.0,77.5,24.77,47.16,15.53,5.1,5.1,5.11
Bob,13.1,80.3,134.8,365.3,158.2,52.3,52.7,51.9
Charlie,-162.3,127.6,258.8875157127058,197.17853146191283,-879.7173613845565,,-149.63594425179252,
Bob,13.0,80.3,356.2,579.7,283.5,94.9,95.6,94.4
Alice,11.0,76.9,35.89,53.72,38.38,12.72,12.74,12.66
Bob,11.1,76.9,316.6,509.0,366.2,125.0,125.1,125.7
Charlie,-41.9,-263.9,-1601.181198811573,-784.3209703002557,-993.8685495647732,-2171.933929223195,202.07450616131268,
Bob,13.1,80.3,311.2,528.7,287.8,96.3,96.5,96.1
Alice,13.1,80.3,24.09,45.87,23.3,7.79,7.79,7.77
Bob,13.0,77.6,350.6,543.7,150.5,49.1,49.8,49.5
Alice,13.1,80.2,33.9,53.04,28.68,9.66,9.65,9.71
Charlie,-139.0,-9.6,-301.7984933962528,,-124.71815823648589,,-1235.164878251097,
Bob,11.0,76.9,310.2,488.4,413.1,137.6,138.1,137.6
Bob,11.0,77.0,252.8,435.5,400.6,132.8,133.1,132.5
Bob,12.9,77.6,256.5,456.6,146.7,49.3,50.1,49.0
Alice,13.0,77.6,33.08,49.34,11.93,3.83,3.81,3.78
Charlie,-109.4,-84.7,-2027.251887505129,-2070.6664061901783,799.0680731422993,1097.4849713531635,1000096.009267997,-61.7760622705607
Charlie,154.8,-38.3,,-1541.773236011602,999843.5907212072,-2410.467416412775,284.5667904745263,
Alice,12.9,77.7,30.72,50.19,14.2,4.54,4.54,4.51
Alice,11.1,76.9,30.04,48.96,40.6,13.59,13.65,13.67
Alice,13.1,80.3,25.92,44.99,25.67,8.53,8.54,8.59
Charlie,111.9,281.9,1001156.5816515943,1001794.5248483922,1000386.1664979984,500.11282962086665,,999590.6797854133
Bob,13.0,77.6,368.0,586.3,132.1,44.3,44.5,44.3
Alice,13.0,77.6,34.41,57.45,12.99,4.31,4.28,4.29
Bob,13.1,80.3,335.5,521.6,269.4,89.5,89.8,90.2
Bob,13.0,77.6,327.4,547.0,115.2,37.8,38.8,37.1
Bob,12.9,77.6,389.2,576.7,109.4,36.0,37.1,35.7
Alice,13.1,80.3,34.37,55.31,29.04,9.71,9.67,9.71
Alice,13.0,77.6,28.7,50.48,19.23,6.21,6.25,6.29
Alice,13.1,80.3,29.26,48.53,28.07,9.26,9.33,9.24
Bob,11.0,76.9,346.6,556.1,353.0,118.5,118.8,118.1
Bob,11.0,77.0,349.7,550.7,378.4,125.7,125.6,126.0
Charlie,167.8,159.4,-51.50919375392796,-400.910240736191,1000330.6132610904,,-2116.9408841023637,1104.4777038374664
Alice,13.1,80.2,35.98,57.77,24.04,8.14,8.11,8.12
Alice,11.0,77.0,38.76,57.71,35.88,11.96,11.95,12.04
Charlie,-110.1,-95.1,587.4006024155369,781.6847864668514,,999972.030585513,-285.6865480922636,849.6447827066518
Alice,11.1,76.9,38.88,59.57,38.19,12.9,12.87,12.9
Bob,11.0,77.0,359.9,555.0,408.4,135.4,136.7,134.9
Alice,11.0,77.0,29.43,48.44,38.43,12.98,13.01,12.97
Bob,13.1,80.3,361.8,587.5,322.1,107.0,106.3,107.5
Alice,11.0,77.0,27.59,47.46,39.25,13.2,13.28,13.27
Alice,13.0,77.6,25.28,45.25,19.06,6.39,6.42,6.36
Bob,11.0,77.0,295.2,506.5,388.3,127.6,127.4,127.1
Bob,13.0,77.6,325.6,548.7,179.7,59.5,60.2,59.7
Bob,12.9,77.6,268.4,482.4,138.9,45.8,46.4,46.2
Bob,11.0,76.9,332.4,525.7,402.0,134.6,134.7,134.6
Bob,11.0,77.0,257.2,459.0,394.9,131.1,131.2,131.2
Charlie,-1.4,33.9,,1000305.0854047068,-1135.3342339231097,-1920.1522314576857,316.08782210893384,9.426360563773239
Alice,11.0,76.9,31.92,53.47,39.98,13.43,13.48,13.34
Bob,13.2,80.3,275.4,488.5,212.4,69.5,68.9,69.4
Alice,11.0,77.0,40.3,57.55,34.45,11.41,11.46,11.39
Bob,13.1,80.3,316.3,528.5,309.3,102.5,103.1,101.9
Alice,13.1,80.2,31.56,53.12,27.68,9.3,9.31,9.24
Bob,11.0,77.0,315.8,496.8,371.3,122.2,121.9,123.2
Charlie,-183.8,-87.3,1000703.253828096,,1000617.4286309273,-1331.7787717721221,-2436.3524570391605,1000825.414597823
Charlie,15.3,12.9,,998883.549144816,1000122.4909253744,-664.8394334648822,,999878.9245676094
Bob,11.0,76.9,356.8,539.1,347.1,114.4,114.7,114.7
Alice,11.1,77.0,27.99,53.58,39.07,13.16,13.16,13.13
Alice,13.0,77.6,33.93,50.62,12.72,4.23,4.26,4.15
Alice,13.1,80.2,32.62,52.42,30.61,10.16,10.16,10.17
Bob,13.1,80.2,268.5,484.8,248.9,82.5,81.5,82.5
Alice,12.9,77.6,25.82,47.9,18.74,6.26,6.25,6.17
Bob,12.9,77.6,193.5,377.5,170.3,55.5,55.8,54.8
Bob,11.0,76.9,322.0,532.7,366.8,122.4,120.5,123.2
Alice,13.0,77.6,35.17,55.47,13.55,4.57,4.53,4.58
Charlie,-63.8,-87.8,-1600.7479306385678,1000123.419133501,1000014.3364221758,-128.2755758158636,,-96.38463631489711
Bob,11.0,77.0,226.4,424.6,435.3,145.1,146.0,145.9
Alice,11.0,77.0,34.43,56.5,39.19,12.85,12.87,12.81
Alice,13.1,80.3,34.62,56.97,33.54,11.22,11.25,11.23
Bob,13.0,77.6,294.6,456.8,123.7,40.4,41.4,40.0
Bob,11.0,76.9,328.7,543.3,407.7,135.2,135.0,134.9
Bob,13.1,80.3,245.4,425.9,230.0,76.7,76.7,76.6
Bob,13.0,77.6,333.0,490.7,145.6,48.9,49.0,49.3
Bob,11.1,77.0,381.6,545.8,401.0,133.6,133.7,133.1
Bob,11.0,77.0,302.2,499.8,426.2,143.5,142.4,143.0
Bob,13.0,77.6,342.4,541.7,150.8,51.1,51.7,51.0
Alice,13.0,77.6,31.12,53.58,12.55,4.23,4.24,4.16
Bob,13.0,77.5,253.6,446.1,158.8,53.4,53.3,53.0
Charlie,131.8,72.8,999882.0189053926,-1976.8215689475905,,-203.31828541750676,1000082.864841869,998729.5117544181
Alice,12.9,77.6,26.74,51.65,19.25,6.27,6.25,6.3
Alice,12.9,77.6,34.12,54.61,16.84,5.61,5.6,5.6
Charlie,44.2,-198.4,,-114.42291830495515,1000141.1144967056,,-2023.6597461307144,-346.1042717800152
Alice,13.0,77.6,19.55,40.6,19.88,6.79,6.78,6.69
Alice,13.1,80.2,30.84,50.37,25.43,8.62,8.68,8.6
Alice,12.9,77.6,30.13,51.6,16.17,5.41,5.44,5.39
Alice,13.1,80.2,27.66,46.41,27.79,9.18,9.16,9.11
Bob,11.0,76.9,317.4,508.5,388.8,129.3,130.0,129.4
Bob,13.1,80.3,336.9,538.7,275.4,90.1,90.2,89.6
Bob,11.0,76.9,253.1,493.4,424.6,141.0,140.8,141.0
Bob,11.1,76.9,268.2,465.0,385.3,128.3,129.4,129.0
Charlie,-122.0,273.3,,-437.0893397149148,-282.73645621678486,-1179.6303727255154,-1748.0909828486626,-836.5522533825227
Bob,13.0,77.6,266.8,463.2,176.0,56.3,56.9,57.1
Alice,13.0,77.6,28.87,49.83,16.36,5.52,5.58,5.5
Bob,11.0,77.0,236.8,426.0,365.3,123.1,123.2,123.6
Alice,11.0,76.9,25.42,44.51,44.19,14.6,14.62,14.64
Bob,13.0,77.6,399.8,559.9,89.8,28.6,28.4,28.1
Bob,11.0,76.9,277.3,472.3,388.3,129.2,129.3,128.6
Charlie,18.6,-247.4,822.6824265741438,1000358.9175837407,998984.3367691202,999149.4346104965,247.84628190182477,1000995.5266916741
Alice,11.0,76.9,36.6,56.95,33.91,11.45,11.38,11.42
Bob,11.0,77.0,300.0,521.0,351.6,118.0,118.0,117.8
Bob,11.0,76.9,395.9,596.9,279.1,92.8,93.2,91.7
Bob,11.0,77.0,271.8,490.5,393.6,129.7,129.7,129.2
Bob,11.0,77.0,360.3,517.7,348.9,116.6,116.7,116.8
Alice,13.1,80.3,33.24,51.4,28.07,9.39,9.42,9.44
Alice,13.0,77.6,39.7,59.78,11.27,3.71,3.62,3.7
Charlie,108.0,28.5,-605.1185099974223,,,-850.1977458146558,-170.22379197117922,1001137.8577759693
Alice,12.9,77.6,28.21,49.14,16.46,5.56,5.47,5.53
Bob,13.0,77.6,333.7,527.5,171.8,56.6,55.9,57.5
Bob,13.1,80.3,288.0,496.9,243.1,80.0,80.4,78.7
Alice,13.1,80.3,28.24,48.62,30.48,10.06,10.17,10.05
Alice,13.0,77.6,25.52,46.08,13.25,4.37,4.37,4.42
Charlie,195.0,78.6,-1489.284264440218,998224.0177530381,,-1152.0189056326979,1000591.5710184531,-29.537363093333852
Bob,11.0,77.0,201.2,385.8,383.9,128.1,128.5,129.1
Alice,11.0,77.0,36.45,53.22,40.58,13.53,13.57,13.56
Alice,12.9,77.6,21.27,43.78,21.62,7.12,7.11,7.12
Alice,12.9,77.6,23.08,44.3,17.67,5.98,5.97,5.85
Charlie,109.4,-328.8,998580.566803455,1000457.5419340048,-821.6808263050224,1001198.2253932013,-1082.5135189113944,-4375.5791001776
Alice,11.0,77.0,29.04,49.02,40.8,13.45,13.45,13.49
Bob,13.0,77.6,325.6,533.7,126.8,44.3,43.6,44.4
Alice,13.0,77.6,37.53,58.66,14.22,4.56,4.58,4.51
Alice,13.0,77.5,32.2,53.4,13.04,4.27,4.25,4.28
Alice,13.1,80.2,32.0,48.46,23.92,8.04,8.04,8.07
Bob,11.0,77.0,227.4,479.4,440.5,147.2,146.8,147.0
Bob,13.0,77.7,303.4,515.5,139.2,46.7,46.8,46.0
Bob,11.0,77.0,279.2,466.9,347.5,115.2,115.8,115.6
Charlie,-4.4,49.4,-1240.7243039890507,999765.4209703808,-1965.0455805761796,1000074.6858426369,807.739555984151,
Alice,12.9,77.6,30.39,48.79,18.58,6.26,6.16,6.24
Bob,13.0,77.6,331.3,514.3,59.2,20.5,20.5,20.0
Alice,11.0,76.9,30.74,48.66,41.77,14.0,14.0,14.0
Bob,11.0,76.9,287.7,514.6,441.1,146.3,145.4,146.7
Alice,13.1,80.3,23.71,43.74,21.87,6.99,6.99,6.96
Charlie,10.7,392.7,,,-1150.3283737637098,447.93073277294695,,-66.57704552413577
Alice,11.0,77.0,39.12,58.38,35.71,11.9,11.94,11.92
Charlie,107.8,-304.1,,-310.3961364755137,,-765.0718749118844,1001850.7811424357,
Bob,13.0,77.6,246.8,413.9,160.7,53.8,54.4,53.3
Alice,13.1,80.3,30.99,46.35,34.13,11.41,11.4,11.44
Charlie,-191.6,-181.4,,1000273.6601192125,,-327.24321280057814,997507.610348417,1000506.5876716973
Charlie,-174.8,223.1,,-671.0148456624536,-1450.7402773027516,,999456.9780536143,
Charlie,195.7,-252.9,-1462.532966313379,998926.3071538025,1000238.7379252914,999918.8068158645,,-2277.3711335506177
Alice,12.9,77.6,34.5,55.3,14.67,4.91,4.88,4.82
Alice,13.1,80.3,28.5,48.98,27.33,9.28,9.3,9.3
Alice,13.0,77.6,35.12,54.49,16.97,5.81,5.85,5.8
Charlie,-141.8,305.0,-177.42707879951945,-3458.1694305490187,,65.78468947474944,999244.5391986071,-139.66744058327959
Alice,11.0,76.9,20.62,41.76,41.8,13.94,13.94,14.02
Bob,11.0,76.9,187.2,399.9,465.6,154.9,155.3,155.2
Bob,11.0,77.0,316.5,522.5,422.7,140.4,140.1,139.8
Charlie,143.9,197.0,-785.017182545452,-141.7295698181282,924.721805513421,-1412.0756063156302,441.41975989295054,1000408.6107475639
Bob,12.9,77.6,296.4,457.3,94.1,33.1,32.7,32.3
Charlie,-77.3,293.9,1000123.9068165211,998807.0266289809,1001968.757309434,,,
Bob,11.0,76.9,281.2,502.4,432.2,143.6,143.6,143.8
Charlie,-71.0,229.6,,999561.1500095219,-171.810463802674,851.9290707908426,,
Alice,11.0,77.0,31.48,50.44,35.66,11.81,11.84,11.79
Alice,13.0,77.6,31.73,55.43,15.56,5.12,5.12,5.09
Bob,11.0,77.0,286.3,499.4,423.4,140.1,140.9,139.9
Bob,13.1,80.3,330.5,507.7,248.6,82.8,82.6,82.5
Alice,13.1,80.3,28.42,46.97,21.26,7.18,7.2,7.2
Alice,13.0,77.6,33.82,53.89,15.63,5.24,5.29,5.22
Alice,11.0,77.0,28.26,47.74,43.65,14.65,14.59,14.67
Bob,13.0,77.6,237.0,447.8,170.9,57.5,57.7,57.7
Bob,11.1,77.0,298.1,494.8,375.2,125.8,126.6,125.8
Bob,11.0,77.0,239.5,477.0,399.9,133.3,132.9,133.8
Charlie,45.2,222.1,,,-1133.7793725212396,273.61458116570515,1625.330309075195,-1912.8513533478292
Alice,12.9,77.6,25.9,47.71,13.38,4.43,4.45,4.37
Bob,11.0,76.9,348.6,534.9,359.9,119.2,119.4,118.6
Alice,13.1,80.3,29.77,44.91,27.39,8.99,8.96,8.91
Charlie,154.7,-19.4,-614.7873477406458,1001405.6475975079,811.5557731939132,1102.6920460743784,-2153.588112944552,1000192.619147587
Alice,11.0,77.0,31.36,49.9,41.95,13.98,13.89,13.93
Bob,13.0,77.6,359.0,550.2,127.3,43.5,43.6,42.8
Alice,12.9,77.6,38.41,54.27,16.65,5.65,5.7,5.71
Bob,13.0,77.6,181.6,411.3,218.2,74.2,74.0,74.8
Alice,11.1,76.9,32.63,51.0,35.89,12.11,12.07,12.18
Bob,13.0,77.6,303.2,519.8,126.4,43.6,43.2,44.6
Alice,13.0,77.6,29.28,48.6,15.54,5.26,5.31,5.25
Bob,13.0,77.6,317.4,478.3,120.9,41.2,41.8,41.2
Alice,13.0,80.3,24.8,45.84,23.66,7.78,7.81,7.71
Bob,11.0,76.9,267.2,500.2,421.3,142.0,142.4,141.2
Alice,13.0,77.6,31.14,46.49,15.27,5.26,5.29,5.26
Bob,13.1,80.3,376.5,577.7,318.6,105.3,104.6,105.5
Charlie,-113.1,212.9,-579.7314709434386,2022.1741000873785,1000955.3885711798,,-956.2896030080161,
Alice,13.0,77.6,34.79,52.6,11.68,3.9,3.86,3.94
Bob,11.1,76.9,204.2,413.6,408.2,136.0,135.8,135.8
Bob,11.0,77.0,247.4,443.2,399.1,132.4,133.1,132.6
Alice,11.1,77.0,39.47,60.99,38.39,12.82,12.87,12.88
Bob,13.0,80.2,325.7,515.6,315.3,104.0,105.3,103.8
Alice,13.1,80.3,27.79,48.49,22.47,7.54,7.54,7.54
Bob,12.9,77.6,299.6,468.5,159.2,54.0,53.5,53.4
Bob,12.9,77.6,347.4,552.0,190.4,65.1,65.2,65.4
Bob,13.0,77.6,278.5,450.0,120.2,40.0,39.5,39.7
Bob,11.0,77.0,253.0,464.5,436.9,146.4,146.3,146.4
Charlie,174.3,223.5,998539.6975647907,1000823.4231845624,1132.9263873010348,462.15409605967733,-837.8230611677818,-1942.5705714374064
Bob,13.1,80.3,297.3,472.8,231.2,76.5,76.4,77.2
Charlie,157.6,-225.2,-2072.135116096487,,,-1872.7849535276425,1000843.7900258816,-261.0087241723136
Alice,13.1,80.3,38.58,55.75,34.1,11.59,11.57,11.53
Alice,13.0,77.6,33.77,56.94,14.68,5.08,5.12,5.14
Alice,13.0,77.6,33.51,52.15,9.88,3.33,3.29,3.31
Alice,11.1,77.0,32.27,54.94,39.51,13.2,13.22,13.18
Alice,13.1,80.2,33.28,52.23,26.72,8.89,8.93,8.91
Bob,13.0,77.6,213.9,430.3,181.4,61.8,62.5,61.9
Alice,11.1,77.0,27.23,48.83,42.26,14.02,13.95,13.99
Alice,13.0,77.6,29.77,52.14,13.91,4.71,4.71,4.72
Charlie,134.6,-328.2,,,-275.4823151790223,1001122.2033332933,-526.6633244450329,
Alice,12.9,77.5,39.48,58.52,15.98,5.14,5.01,5.15
Bob,11.0,77.0,309.5,501.7,426.3,142.4,143.2,141.6
Alice,13.0,77.5,33.04,54.88,13.95,4.81,4.7,4.89
Bob,13.1,80.3,236.1,420.5,200.2,66.4,66.5,66.7
Bob,11.0,77.0,279.7,453.9,419.2,140.7,140.9,141.6
Bob,11.0,77.0,390.0,589.3,382.1,126.6,126.1,126.6
Bob,13.0,77.6,347.5,535.4,171.2,59.2,59.8,59.6
Bob,13.0,77.6,355.4,547.5,135.9,46.3,46.4,47.0
Alice,12.9,77.5,27.07,44.91,13.26,4.33,4.26,4.31
Bob,11.0,77.0,310.1,462.5,391.5,130.1,130.6,130.9
Bob,13.0,77.6,289.0,506.2,143.4,48.3,49.4,48.4
Alice,11.0,76.9,36.3,57.08,35.18,11.87,11.82,11.96
Alice,13.0,77.6,28.7,48.88,17.25,5.79,5.78,5.84
Bob,11.0,76.9,229.1,429.4,412.8,139.1,139.2,139.1
Charlie,9.3,17.5,-143.5815887121344,,999477.5852716225,1000358.8480726789,,112.79819561290651
Alice,13.0,77.6,22.14,46.28,16.39,5.63,5.63,5.62
Bob,11.0,77.0,335.7,540.2,398.7,134.6,134.3,133.8
Bob,11.0,76.9,262.7,460.0,442.0,146.7,146.7,146.7
Alice,13.0,77.6,36.14,59.17,15.3,5.45,5.51,5.48
Alice,11.0,77.0,33.8,48.88,38.87,12.93,12.95,12.97
Charlie,-28.1,282.3,1000325.2594982296,636.8701583954032,,999285.9582562225,,999609.6055328829
Bob,11.1,76.9,320.9,536.6,416.2,137.6,137.5,137.7
Bob,12.9,77.6,278.2,482.7,198.3,64.7,64.7,64.8
Bob,11.0,77.0,328.7,550.1,385.6,127.9,127.7,127.8
Alice,12.9,77.6,35.17,52.78,15.52,5.24,5.16,5.25
Bob,11.0,77.0,347.8,534.7,354.7,117.4,117.8,117.0
Alice,13.0,77.6,31.6,50.69,12.2,3.98,3.95,4.03
Alice,12.9,77.6,31.9,53.91,21.13,6.91,6.9,6.9
Alice,11.0,77.0,30.56,50.72,33.81,11.21,11.27,11.14
Charlie,51.3,-80.1,,845.2732970420957,,999612.5086850945,999447.2090824548,
Alice,12.9,77.7,35.43,54.86,8.6,2.74,2.81,2.72
Alice,11.0,76.9,42.19,61.08,32.61,10.83,10.78,10.81
Alice,13.1,80.2,23.72,44.91,21.71,7.41,7.52,7.29
Bob,13.0,77.6,325.4,564.1,134.6,45.1,44.9,44.3
Alice,13.1,80.4,31.18,53.58,30.41,9.98,9.9,9.98
Bob,11.0,76.9,233.5,438.2,357.4,119.9,119.6,120.3
Alice,11.0,77.0,33.29,57.14,38.24,12.72,12.72,12.71
Bob,13.1,80.3,276.8,488.1,250.0,82.5,83.1,82.0
Charlie,-51.0,-253.1,,,1000118.3500656552,2299.9691243864736,999618.7627127272,-586.6279708696043
Bob,13.0,77.6,343.1,558.0,153.6,50.4,50.3,50.3
Bob,13.0,77.6,252.0,464.4,209.4,68.6,68.2,68.3
Bob,13.0,77.5,253.9,478.6,157.6,53.6,53.2,53.6
Charlie,144.9,212.0,,,,,382.0337057160107,
Charlie,-183.9,223.4,999399.1128241462,,1000645.7976416037,-2665.3846382409993,1000102.6905167486,
Bob,13.0,77.6,282.9,488.5,197.9,65.5,65.8,65.9
Bob,12.9,77.6,250.2,484.4,135.2,44.7,44.6,45.4
Bob,13.0,77.6,225.0,411.9,169.1,56.6,57.1,56.8
Bob,13.1,80.3,274.3,502.3,241.3,79.7,79.2,80.5
Bob,11.0,76.9,372.6,581.8,323.0,106.6,106.6,107.1
Charlie,-47.8,124.8,192.98964177292947,917.7681977951373,-754.7082573630647,,,-549.9453288148537
Charlie,-53.6,255.3,-484.62856460008135,-381.44364302207555,1000138.6350285305,181.7812325871601,-336.0666965057405,894.4588431051291
Bob,13.0,77.6,303.1,510.7,168.8,57.0,57.1,56.7
Alice,13.1,80.3,36.18,53.16,34.54,11.55,11.49,11.52
Alice,11.0,76.9,28.84,46.48,40.79,13.73,13.64,13.78
Bob,13.0,77.7,251.1,432.8,151.5,48.6,48.3,48.4
Alice,13.1,80.3,40.13,60.09,32.34,10.89,10.94,10.84
Alice,11.0,77.0,22.37,43.38,44.82,14.85,14.85,14.87
Alice,12.9,77.6,22.58,45.15,16.1,5.32,5.39,5.38
Charlie,-125.5,208.6,-2046.921750106906,,999906.3909766336,,,998423.6910032288
Bob,13.0,77.7,269.9,498.6,172.4,57.5,57.7,56.9
Charlie,-140.7,-3.2,-12.271484075400394,-912.5881981776266,-435.7108323847371,354.3093815188606,-372.0643253313259,999034.173229104
Alice,11.0,77.0,30.03,50.58,39.47,13.14,13.15,13.17
Charlie,-165.3,-251.5,1165.5214522065567,1000699.212438672,1000002.9259666795,-478.7842088112751,,
Bob,11.1,76.9,292.7,501.4,348.2,114.6,114.9,115.0
Alice,11.0,77.0,25.26,42.85,35.68,11.85,11.97,11.96
Bob,11.0,76.9,304.3,504.7,342.4,113.9,113.4,114.3
Alice,13.1,80.3,29.43,47.69,26.98,9.05,9.02,8.97
Alice,11.0,76.9,27.09,45.67,38.8,12.78,12.83,12.69
Bob,13.1,80.3,230.1,428.3,251.2,83.2,82.9,84.2
Alice,11.0,77.0,39.66,58.08,36.08,12.01,11.95,11.99
Alice,11.0,77.0,25.99,44.4,43.93,14.56,14.66,14.58
Bob,11.0,76.9,341.0,518.3,338.6,112.4,112.0,112.7
Bob,13.1,80.3,340.6,542.8,268.2,90.1,90.0,89.3
Bob,13.0,77.6,322.4,544.0,94.0,31.9,32.0,32.5
Alice,12.9,77.6,23.74,43.36,17.29,5.87,5.82,5.87
Alice,12.9,77.6,32.49,53.22,14.5,4.8,4.78,4.83
Charlie,116.0,-280.7,-976.0199809844071,1000851.4099367626,445.7598512171287,,,1001346.1034238625
Alice,11.0,77.0,26.38,48.77,40.78,13.59,13.5,13.56
Alice,13.0,77.6,29.04,49.91,15.11,5.07,5.05,5.08
Bob,13.0,77.6,281.9,440.3,175.6,57.8,58.4,58.3
Bob,11.0,76.9,215.3,451.9,434.2,146.9,148.2,147.4
Charlie,-80.7,386.0,1000572.4714117798,1000504.3650657184,1000252.003761202,134.63969982105687,,1002268.9916116594
Charlie,-104.5,-215.1,-611.5753863224936,-574.0890328985886,,,-339.08829452682704,1000329.8230608685
Alice,11.0,76.9,28.31,48.97,42.91,14.49,14.58,14.43
Bob,11.0,77.0,204.3,371.2,408.4,138.3,138.0,138.5
Charlie,-164.7,155.2,335.31725639730774,998960.2067754718,538.2116054922573,,-1070.3205486518375,
Alice,13.0,77.7,26.1,45.4,17.6,5.86,5.83,5.92
Alice,13.1,80.2,28.88,48.92,30.35,10.11,10.14,10.11
Bob,11.0,76.9,303.1,508.0,355.6,117.7,117.4,117.8
Bob,11.0,77.0,350.7,566.3,320.7,106.7,106.1,106.9
Alice,11.0,77.0,22.82,44.94,41.28,13.97,13.95,13.94
Charlie,-127.5,-110.7,,-1960.7795582448903,-646.2423241465946,-969.1928650020499,1000508.0122910546,-33.06800136176786
